Amazon,1111
ETC利用照会サービス,307
Vpass,291
au,121
楽天,110
Apple,96
三井住友カード,78
ヨドバシカメラ,72
NTT,63
BIGLOBE,48
TS,45
softbank,27
厚生労働省,24
メルカリ,24
JCB,24
JACCS,22
イオンカード,13
PayPay銀行,13
三菱UFJニコス,10
LINE,10
GOV.UK,10
bitFlyer,8
MICARD,8
三菱UFJ銀行,6
ぷらら,6
Netflix,6
Microsoft,6
J:COM,6
DHL,6
三井住友銀行,5
三井住友トラストクラブ,5
UC,5
RBC,5
PayPal,5
Orico,5
National,5
楽天カード,4
ビックカメラ,4
エポスカード,4
Viewcard,4
Interac,4
American,4
楽天銀行,3
財務省,2
ぶんぶんネット,2
SAISON,2
PayPay,2
Nojima,2
DocuSign,2
大丸松坂屋カード,1
エックスサーバー株式会社,1
アプラス,1
みずほ銀行,1
goo,1
Yodobashi,1
Wells,1
WebMail,1
VISA,1
Uber,1
UPC,1
TEPCO,1
Swiss,1
SUNTRUST,1
Nexi,1
MyLink,1
ING,1
Evernote,1
Caixa,1
CHASE,1
BTCBOX,1
BB&T,1
Australia,1
-,1
