date,URL,description
2019/07/01 11:09:00,https://www.smbc-cardsp.jp,三井住友カード
2019/07/01 11:35:00,http://ellabaygalleries.com/plalawebmail/login.php,ぷらら
2019/07/01 11:41:00,https://www.linefg.com/,LINE
2019/07/01 13:23:00,https://caplushklas.co.uk/,Cashplus
2019/07/01 13:44:00,https://www.zhanxinde.com/,ゆうちょ銀行
2019/07/01 13:54:00,http://bookandgotravelandtours.com/wp-admin/js/widgets/auth.centurylink.net.html,CenturyLink
2019/07/01 14:03:00,http://safety-mufg.jp/,三菱UFJニコス
2019/07/01 14:50:00,https://jppsemo27.com/wpfiles/drive.php,OneDrive
2019/07/01 15:47:00,http://spteem91.com/ss/inc/microsoft.php,Microsoft
2019/07/01 15:47:00,http://spteem98.com/,Microsoft
2019/07/01 16:08:00,http://rakuten-cards-infrom.com,楽天カード
2019/07/01 16:08:00,http://defend-resetting-accounts-support-rakuten.com,楽天カード
2019/07/01 16:56:00,https://metorexgroupza.com/wp-files?FR___=,Microsoft
2019/07/01 16:56:00,https://yatsushiro-kids.com/1ysysjhdhhjfuhjs3ydhxjsj?FR___=,Microsoft
2019/07/01 17:08:00,https://u10194097.ct.sendgrid.net/wf/click?upn=Jn0pM8XXOVhY-2BTFPey1-2F6mZZbffiV9DvSCFk2-2FaWz4K4rd-2FSJbC82cIOKjCgaLcI_kGjHLzuXlI-2F-2Ft9tXukpW4R5gflkriUMbv5gD5xnhiLi90IBFz89MJQAfTY-2F-2Bijh90oqEcDDDWFEcskTnEd202Jp3rPIXld5qWjsFQLihsTrUu7NQwL9No2sZYRMypuhKcf4ZiIeE5syFLKe9tJpHoEaANSo50pNphqJsK0uhdSHOcimuVbicHd8-2B6OMfvgcC6KE52p-2FtpZf4poRyBI-2FtYh-2Bh6Qdi3h0KeBEf0LnaDOM-3D,Amazon
2019/07/01 17:08:00,https://d.pr/ZeQEm1,Amazon
2019/07/01 17:08:00,https://kaywa.me/6ZBgu,Amazon
2019/07/01 17:08:00,https://sign-in.amazzon.co.jp.promox-6.com/,Amazon
2019/07/01 17:16:00,http://resetting-defend-accounts-support-rakuten.com,楽天
2019/07/01 17:31:00,http://mydocomoik.com/,NTT docomo
2019/07/01 17:32:00,http://coin-z.cc/jp/member/login/,GMOコイン
2019/07/01 18:03:00,http://ow.ly/b9Eq30p1kYP,三菱UFJニコス
2019/07/01 18:03:00,http://ow.ly/34sL30p1kYr,三菱UFJニコス
2019/07/01 18:03:00,http://ow.ly/fH1O30p1wRs,三菱UFJニコス
2019/07/01 18:03:00,http://ow.ly/mfY130p1wRu,三菱UFJニコス
2019/07/01 18:03:00,http://ow.ly/JVCU30p1wRO,三菱UFJニコス
2019/07/01 18:03:00,http://ow.ly/eESK30p1Cai,三菱UFJニコス
2019/07/02 08:50:00,https://apple-appleid.com.helpdesk-terms.jpolicies-27s16id.dynv6.net/billing-updates/?kelereng,Apple ID
2019/07/02 08:50:00,https://apple-appleid.com.helpdesk-terms.jpolicies-27s16id.dynv6.net/billing-updates/session/,Apple ID
2019/07/02 08:50:00,https://support.apple.com-ja-jp.cid-apy-jpn-inv-amp.dynv6.net/session/,Apple ID
2019/07/02 08:50:00,https://apple.id.biarkusimpan.com/?reset,Apple ID
2019/07/02 08:50:00,https://apple.id.biarkusimpan.com/session/,Apple ID
2019/07/02 09:49:00,http://login.locweb.site/login/,Locaweb
2019/07/02 11:10:00,https://loli.tuidao.me/4m,Apple ID
2019/07/02 11:10:00,https://t.co/6WjhJED1mn,Apple ID
2019/07/02 11:10:00,http://x.co/6nszZ,Apple ID
2019/07/02 11:10:00,https://w3bapp-purcha3dappst0r3-secur3.verifydata364.2servco-jp.com/?qaz123,Apple ID
2019/07/02 11:10:00,https://w3bapp-purcha3dappst0r3-secur3.verifydata364.2servco-jp.com/session/,Apple ID
2019/07/02 11:10:00,https://apple-appleid-helpdesk.terms.check.jpolicies-j55ac36z.dynv6.net/billing-repository/session/,Apple ID
2019/07/02 11:35:00,http://accounts.autoscout24.com.nmeqkh.autoscout24.mixh.jp/login/,AutoScout24
2019/07/02 11:35:00,http://accounts.autoscout24.com.st3e0t.autoscout24.mixh.jp/login/,AutoScout24
2019/07/02 12:05:00,http://worldx360.com/pct/Naver01/Naver/naver.php,NAVER
2019/07/02 13:41:00,http://a2plcpnl0186.prod.iad2.secureserver.net/~gmfx3yp6s6lr//saisoncard.co.jp/,SAISON CARD
2019/07/02 13:46:00,https://onedrive.live.com/survey?resid=BDB0BFDC312B6A59!103&authkey=!AHitKDe0z62MUqE,au
2019/07/02 13:46:00,https://onedrive.live.com/survey?resid=AE2E449A05EA56CE!110&authkey=!AEHvnYbzw89m8iU,au
2019/07/02 13:53:00,https://www.tlingrg.com/,LINE
2019/07/02 13:55:00,http://xn--pckqo7ogf2e7c.biz/wp-includes/?1111111&DUN=&POST=DUN,Microsoft
2019/07/02 13:55:00,https://uri-content.com/wp-admin/maint/G5/?___=,Microsoft
2019/07/02 13:55:00,https://uri-content.com/wp-admin/maint/G5/indexa.php,Microsoft
2019/07/02 14:39:00,http://www.tomuralc.com/mail2/OneDrive/login.php,OneDrive
2019/07/02 14:56:00,http://accounts.autoscout24.com.o2r1zc.autoscout24.mixh.jp/login/,AutoScout24
2019/07/02 14:02:00,http://bizassistpro.com.au/webmailplala/login.php,ぷらら
2019/07/02 15:04:00,http://www.fiaformulae-shared.com/ViewInfo-SharedFile/PDF/m/ii.php,Microsoft
2019/07/02 15:04:00,https://fiaformulae-info.com/ViewShared-Fia/PDF/m/ii.php,Microsoft
2019/07/02 15:41:00,https://d-q.top,ヤマト運輸
2019/07/02 15:41:00,https://d-q.top/7/login.php,ヤマト運輸
2019/07/02 16:05:00,https://www.amazon.co.jp.e7c3c59f78d81e8360d2cefcd91aa6dfc2731fa.ml/3CD36FE6B3B5F54970BFE7810A64BCE8/44D3E02E627427809C313FC3017BE216/30FED2108D9208307193BD748E9521B1/amazon/signin.php,Amazon
2019/07/02 17:29:00,https://smbccard.net,三井住友カード
2019/07/02 17:37:00,https://forms.office.com/Pages/ResponsePage.aspx?id=kFU8UqyIjUmukrw_Tz97KKthk-X4foFGoNlV0IvvldVUQzZKWTlJOEU1SEdDR0c3TVNTOTBNUllZWi4u,RisuMail
2019/07/02 18:06:00,http://www.rakutencards-secure.com/,楽天カード
2019/07/02 14:25:00,http://ec.rk-store.net/blog/wp-admin/xls/page.php,Microsoft
2019/07/02 14:52:00,http://prfoto.net/root/burneuwlatest65/step2.php,Microsoft
2019/07/02 17:56:00,http://www.a-max-isan.com/MailboxFUD/?email=*@*,Wells Fargo
2019/07/03 11:06:00,https://olha.ai/WziPZ,Apple ID
2019/07/03 11:06:00,http://x.co/option24,Apple ID
2019/07/03 11:06:00,https://appleid.apple.com.propertymicrophone.com/,Apple ID
2019/07/03 11:26:00,https://www.pekage.com/apps/xappl3v2.0/xappl3v2.0/,Apple ID
2019/07/03 11:26:00,http://jfs.novazeo.net//wp-admin/js/,Apple ID
2019/07/03 11:48:00,https://bit.ly/2XlAtrr,au
2019/07/03 11:48:00,https://niresxzisassa.000webhostapp.com/xii/webmail.auone-net.jp/webmail.auone-net.jp/login/,au
2019/07/03 13:09:00,http://ka-st.net/App.onedrive/,OneDrive
2019/07/03 13:15:00,http://family-chintai.jp/wp-includes/adm/ZackEncodedEmail/share/login2.php,Microsoft
2019/07/03 13:25:00,http://maruchika-shoken.co.jp/wordpress/eks/,Microsoft
2019/07/03 13:35:00,https://kizukablog.xyz/pp/,Microsoft
2019/07/03 13:44:00,https://customers-satisfaction-survey-auth.stirgate.com/,Amazon
2019/07/03 13:44:00,http://ht.ly/zdfw30p34ce,Amazon
2019/07/03 14:21:00,https://super-desconto-smart-tv-4k.tk/promo4k/SMART-TV-LED-55-Samsung-4K-Ultra-HD.php,Magazine Luiza
2019/07/03 14:27:00,https://red-off-smart.tk/ultrahd.html,Magazine Luiza
2019/07/03 14:34:00,https://www.account-update.amazon.co.jp.xamyhoano.net/,Amazon
2019/07/03 14:42:00,http://marikitpark.com/wp-content/chameleonpage/chameleonpage/chameleon page/hotmail/,Microsoft
2019/07/03 15:08:00,https://global-smbc.com/SMBC-JP/SMBC/,三井住友カード
2019/07/03 15:08:00,https://smbc-c.com/jp3.html,三井住友カード
2019/07/03 15:19:00,http://www.sp-dcard.jp/,NTT docomo
2019/07/03 15:37:00,https://www.linkedin.com/slink?code=f-UQh6q/,Apple ID
2019/07/03 15:37:00,http://customer.subscribe-emailidb.net/index.php,Apple ID
2019/07/03 15:37:00,https://apple.com.review-activityinformationidc.info/,Apple ID
2019/07/03 15:51:00,https://mizuho-online.com/,みずほ銀行
2019/07/03 15:51:00,http://mizuho-onlineclicks.com/accessverification.html,みずほ銀行
2019/07/03 15:51:00,https://www.mizuho.mizuho-online.com/s/online/,みずほ銀行
2019/07/03 16:27:00,https://fiaformulae-files.com/ViewShared-Info/PDF/m/ii.php,Microsoft
2019/07/03 16:40:00,https://www.linesdf.com/,LINE
2019/07/03 17:16:00,http://mydocomoip.com/dc/,NTT docomo
2019/07/03 17:16:00,http://mysoftbankie.com/dc/,NTT docomo
2019/07/03 17:34:00,http://bt-xh.top/dc/,NTT docomo
2019/07/03 17:48:00,http://mydocomos.com/,NTT docomo
2019/07/03 18:09:00,https://aqsi-ryazan.ru//osaka-u.ac.jp/webmail.osaka-u.ac.jp.html,大阪大学
2019/07/03 18:15:00,http://myau-tr.com/dc/,NTT docomo
2019/07/04 09:05:00,http://defend-accounts-recovery-support-amazon.com/,Amazon
2019/07/04 13:29:00,http://giupviecgiadinh.net/x/bnz/login.php,Bank of New Zealand
2019/07/04 14:03:00,https://pansty.site/kihd/56h49fo072mukrsvz83cxinw.php?ma7bl1rcuegik40xf9o5tvh8zpsn2jq3w6dy81oq3ygv92fpe6cx7srni4u0hmjlktd5zabwrpkfy2txinsw1hgv47o5judb68c93qze0lma&data=c3Rpam4uaGF6ZW5AcmFib2Jhbmsubmw=,Microsoft
2019/07/04 14:11:00,http://miruki.dee.cc/ZY/,Microsoft
2019/07/04 14:17:00,https://creditcard-rescue.com/wp-includes/theme-compat/theme/golde/,Netflix
2019/07/04 14:43:00,http://hinode-syokuhin.jp/web/v4/,Microsoft
2019/07/04 15:09:00,http://www.bunkyo-6chu-29th.com/wordpress/itac.htm,ABSA Bank
2019/07/04 15:15:00,http://fiaformulae-view.com/FiaFormulae-Info/PDF/m/ii.php,Microsoft
2019/07/04 15:30:00,http://tri-taal.com/kkkkkk/docomo.php,NTT docomo
2019/07/04 15:30:00,http://tri-taal.com/kkkkkk/docomo.ne.jp/,NTT docomo
2019/07/04 15:39:00,http://www.sp-safetysmbccard.jp/,三井住友カード
2019/07/04 15:51:00,http://azomnebfdd.hentaiwonderland.com/,Amazon
2019/07/04 15:51:00,http://amazonid-contacts.com/,Amazon
2019/07/04 15:51:00,http://ow.ly/AXBD30p2TNj,Amazon
2019/07/04 16:46:00,https://wwv.manage-accountupdate-japanaccs.appleinc.tech/?jokowi_,Apple ID
2019/07/04 16:46:00,http://redirect.rednesslapusing.com/,Apple ID
2019/07/04 16:46:00,https://rednesslapusing.com/?berkah,Apple ID
2019/07/04 16:46:00,https://rednesslapusing.com/signin.php?berkah,Apple ID
2019/07/04 16:46:00,https://redirect.rednesslapusing.com/,Apple ID
2019/07/04 16:46:00,http://x.co/6ntRm,Apple ID
2019/07/04 17:32:00,http://smbc-c.com/jp3.html,三井住友カード
2019/07/04 17:41:00,https://www.myjcbcards.vip/,JCB
2019/07/04 18:17:00,https://apple-appleid.com.helpdesk-terms.jpolicies-ids752-47p.dynv6.net/billing-statements/?kelereng,Apple ID
2019/07/04 18:17:00,https://apple-appleid.com.helpdesk-terms.jpolicies-ids752-47p.dynv6.net/billing-statements/session/,Apple ID
2019/07/04 18:17:00,https://appleid.apple.update-support-informations.info/session/,Apple ID
2019/07/04 18:17:00,https://apple.id.semangatorawnef.com/?reset,Apple ID
2019/07/04 18:17:00,https://apple.id.semangatorawnef.com/session/,Apple ID
2019/07/04 18:17:00,https://postatch.com/YDqD9,Apple ID
2019/07/04 18:17:00,https://appleid.applve-lnc.online/,Apple ID
2019/07/04 17:49:00,http://bizassistpro.com.au/mailplala/login.php,ぷらら
2019/07/05 11:44:00,http://coin-z.tv/jp/member/login/,GMOコイン
2019/07/05 11:44:00,https://coin-z.de/jp/member/login/,GMOコイン
2019/07/05 13:50:00,https://www.amazonao.com/,Amazon
2019/07/05 13:50:00,http://ow.ly/tFz930p2Za1,Amazon
2019/07/05 13:50:00,http://ow.ly/vtMg30p2ZaE,Amazon
2019/07/05 13:50:00,http://ht.ly/OpAm30p34fC,Amazon
2019/07/05 14:01:00,http://apple.varifidogioqs.com/verification/apple/alert,Apple ID
2019/07/05 14:01:00,http://apple.varifidogioqs.com/verification/apple/index,Apple ID
2019/07/05 14:01:00,http://apple.varifidogioqs.com/verification/Sms/index,Apple ID
2019/07/05 16:12:00,https://iqueuesalon.com/c-able.ne.jp/,山口ケーブルビジョン
2019/07/05 16:12:00,https://www.contratocosmico.com/c-able.ne.jp/,山口ケーブルビジョン
2019/07/05 16:22:00,https://www.taaline.com/,LINE
2019/07/05 16:44:00,https://www.zongdeme.com/,ゆうちょ銀行
2019/07/05 16:44:00,https://www.zongdeme.com/web/index/index1,ゆうちょ銀行
2019/07/05 17:10:00,http://masuikenzai.co.jp/web/v4/,Microsoft
2019/07/05 18:09:00,http://dgftw.hentaiwonderland.com/,Amazon
2019/07/08 10:01:00,http://185.186.77.67/snap.php,三菱UFJニコス
2019/07/08 10:01:00,http://n3plcpnl0047.prod.ams3.secureserver.net/~of21ppicpak9//DCCARD/,三菱UFJニコス
2019/07/08 11:14:00,https://www.kikigaki-jr.net/Redirect.Login.htm,OneDrive
2019/07/08 11:14:00,https://2cloud.cl/wp-content/images/main.html,OneDrive
2019/07/08 11:33:00,https://ok-kabu.xyz/gowin.html#7,GoDaddy
2019/07/08 11:33:00,https://ttdc.ge/wp-includes/js/www.godaddy.com.validation/godaddy/,GoDaddy
2019/07/08 11:37:00,http://www.celikmotors.com/,GMOコイン
2019/07/08 11:37:00,http://www.imgmobilya.com/,GMOコイン
2019/07/08 11:54:00,http://myau-o.com/dc/,NTT docomo
2019/07/08 11:54:00,http://mysoftbankue.com/dc/,NTT docomo
2019/07/08 11:54:00,http://mydocomojp.com/dc/,NTT docomo
2019/07/08 13:20:00,http://epos-l.com/,エポスカード
2019/07/08 14:08:00,http://amazon.jpgoodbuy.com/,Amazon
2019/07/08 14:22:00,https://bahbahfood.net/auu/,Microsoft
2019/07/08 14:33:00,http://smbccardsp.com,三井住友銀行
2019/07/08 15:32:00,https://olha.ai/yRDQJ,Apple ID
2019/07/08 15:36:00,http://mydocomojp.com/au,au
2019/07/08 15:57:00,http://vizorlife.com/TD/,TD Bank
2019/07/08 15:57:00,http://vizorlife.com/TD/home/,TD Bank
2019/07/08 15:57:00,http://vizorlife.com/TD/home/login.php,TD Bank
2019/07/08 15:57:00,http://vizorlife.com/TD/home/step2.php,TD Bank
2019/07/08 15:57:00,http://vizorlife.com/TD/home/step3.php,TD Bank
2019/07/08 15:57:00,http://vizorlife.com/TD/home/step4.php,TD Bank
2019/07/08 15:57:00,http://vizorlife.com/TD/home/step5.php,TD Bank
2019/07/08 16:08:00,http://vizorlife.com/wellsfargo/login.php,Wells Fargo
2019/07/08 16:08:00,http://vizorlife.com/wellsfargo/surf2.php,Wells Fargo
2019/07/08 16:43:00,http://mydocomox.com/,NTT docomo
2019/07/08 16:37:00,https://bolbol-science.com/?d=,Microsoft
2019/07/08 16:37:00,https://fre.or.tz/ofpu/,Microsoft
2019/07/08 16:37:00,https://beltacuore.com/?d=,Microsoft
2019/07/08 17:10:00,http://www.locked-secured-webapps.jp/,Apple ID
2019/07/08 17:21:00,http://apple.varifidogioqd.com/verification/,Apple ID
2019/07/08 17:42:00,https://webaappss2.settingsaccinf0rmationsid87394909456.co.jp.gfrwtw.com/session/,Apple ID
2019/07/08 17:42:00,http://labormetrix.net/jp,Apple ID
2019/07/08 17:42:00,https://securewebsapps.authorizedacc0nt0293.co.jp.uhyaw7d-cojp8.com/session/,Apple ID
2019/07/08 18:04:00,http://magamak.com/cache/tcpdf/jp/,Apple ID
2019/07/08 18:04:00,https://apple.id.temangatodng.org/session/,Apple ID
2019/07/08 18:04:00,https://securewebsapps.authorizedacc0nt0293.co.jp.uhyaw7d-cojp8.com/session/,Apple ID
2019/07/08 18:14:00,http://www.amazonhelpinfo-co-jp.xyz/account/app/svc/sorder2.asp,Amazon
2019/07/08 18:24:00,http://www.arnikasarap.com,GMOコイン
2019/07/08 18:35:00,http://coin-z.com.tw/jp/member/login/,GMOコイン
2019/07/08 18:41:00,http://mysoftbankue.com/sb/,softbank
2019/07/09 10:23:00,https://xnxxh-appleverifycombilassi.blrdau.com/session/,Apple ID
2019/07/09 11:42:00,https://crematoriumdedijk.nl/ozu/ofpu/,Microsoft
2019/07/09 11:42:00,https://eye-lucir.com/?d,Microsoft
2019/07/09 11:49:00,http://www.kyoto-gion.org/enter/,Microsoft
2019/07/09 13:12:00,http://zenagena.com/blog/wp-includes/theme-compat/officelogin/docsign,DocuSign
2019/07/09 13:24:00,http://visorlife.com/workdfer/livesds/,Microsoft
2019/07/09 13:36:00,https://bahbahfood.recipes/admin/invoice/payeefile/,Microsoft
2019/07/09 13:41:00,https://golfhaiso.net/vendor/phpunit/phpunit/,Microsoft
2019/07/09 13:50:00,https://sdofsatech.kr/msonedrive/,Microsoft
2019/07/09 13:50:00,http://rucksackwanderstravel.com/indexx.php,Microsoft
2019/07/09 13:58:00,http://www.amatzons.com/,Amazon
2019/07/09 14:34:00,https://www2.amazon.co.jp.fcfe9c770eb9372e6961a17f7eaffd5f.ml/,Amazon
2019/07/09 14:46:00,http://adlanahse.co.tz/BDSUmcaFxdmZE/docomo1.php,NTT docomo
2019/07/09 14:46:00,http://adlanahse.co.tz/BDSUmcaFxdmZE/docomo.php,NTT docomo
2019/07/09 14:46:00,http://adlanahse.co.tz/BDSUmcaFxdmZE/hfhfh/docomo.php,NTT docomo
2019/07/09 15:43:00,http://agenceweb-toulouse.fr/Src-12096/Load968/RFT00G69S5/sec-96358/netflix/,Netflix
2019/07/09 15:43:00,https://loapernetfserviced.tumblr.com/,Netflix
2019/07/09 16:05:00,https://secure.sign-in.amazoon.co.jp.dondon-0.com/?crot,Amazon
2019/07/09 16:05:00,https://kaywa.me/r0sFQ,Amazon
2019/07/09 16:05:00,https://d.pr/5Gz6Pk,Amazon
2019/07/09 16:13:00,http://mydocomo-vg.com/dc/,NTT docomo
2019/07/09 16:20:00,http://mydocomop.com,NTT docomo
2019/07/09 17:08:00,http://www.docomo.ne.jp.adlanahse.co.tz/cgxmXKmdPjsP/docomo.ne.jp/login.php,NTT docomo
2019/07/09 17:08:00,http://docomo.ne.jp.adlanahse.co.tz/cgxmXKmdPjsP/docomo.ne.jp/login.php,NTT docomo
2019/07/09 17:47:00,https://www.amazxs.com/,Amazon
2019/07/09 17:47:00,https://sign-in.amaazon.co.jp.smartsikit.com/?logn,Amazon
2019/07/09 17:47:00,https://kaywa.me/7QyZO,Amazon
2019/07/09 17:47:00,https://d.pr/SW9QXk,Amazon
2019/07/09 18:20:00,https://apple-appleid.com.helpdesk-terms.statements-74s35id.dynv6.net/recent-billing/?preman,Apple ID
2019/07/09 18:20:00,https://signinconfirmation.accounts-appleidupdate.inappurusapoto.com/session/,Apple ID
2019/07/10 08:56:00,https://support.apple.com-ja-jp.cid.service-center.dynv6.net/session/,Apple ID
2019/07/10 09:11:00,http://yasashiidoor.comany.co.jp/wp-content/onlinexhange/0/,Microsoft
2019/07/10 09:21:00,http://verifieer-mijning.com/,ING
2019/07/10 09:40:00,https://jsls.jpn.org/verify/chase/index.html,CHASE
2019/07/10 10:00:00,https://zuckey.mixh.jp/mappl-update-account.infomation/To-Account,PayPal
2019/07/10 10:08:00,https://thelaptopclinic.in/ofpu/,Microsoft
2019/07/10 10:08:00,http://info-fukuen.com/?d,Microsoft
2019/07/10 11:50:00,http://hairbyhampton.com.au/webmail.megaegg.ne.jp/MegaEggWebmail,MEGA EGG
2019/07/10 11:56:00,http://kizukablog.xyz/pp/,Microsoft
2019/07/10 13:29:00,https://www.kikigaki-jr.net/Mix/webnet.php?code=2018900,Outlook Web App
2019/07/10 14:06:00,http://apple.varifidogiouw.com/verification/,Apple ID
2019/07/10 17:07:00,http://gcresidencial.com//wp-admin/user/jp/source-amz/,Amazon
2019/07/10 17:07:00,http://gcresidencial.com/wp-includes/js/jp/source-amz/,Amazon
2019/07/10 18:13:00,https://olha.ai/4UWug,Apple ID
2019/07/10 18:13:00,http://x.co/option34,Apple ID
2019/07/10 18:13:00,https://appleid.apple.com.0tweet01duedeteriorate.com/?inv,Apple ID
2019/07/10 18:13:00,https://appleid.apple.com.0tweet01duedeteriorate.com/signin.php?inv,Apple ID
2019/07/10 18:13:00,http://dlhwzrsp.apple-user278723.tokyo/,Apple ID
2019/07/10 18:13:00,https://www.apple-user278723.tokyo/auth/main/data/login.php,Apple ID
2019/07/10 18:13:00,https://apple-user278723.tokyo/auth/main/data/index2.php,Apple ID
2019/07/11 09:34:00,http://fakesemoru17.com/CompletedOfficeShared/larry/office.php,Office365
2019/07/11 09:47:00,https://mauevents.com/wp-content/themes/wfl/,Wells Fargo
2019/07/11 09:47:00,https://mauevents.com/wp-content/themes/wfl/index.html,Wells Fargo
2019/07/11 09:47:00,https://mauevents.com/wp-content/themes/wfl/step2.php,Wells Fargo
2019/07/11 09:47:00,https://mauevents.com/wp-content/themes/wfl/step3.php,Wells Fargo
2019/07/11 09:47:00,https://mauevents.com/wp-content/themes/wfl/step4.php,Wells Fargo
2019/07/11 10:19:00,http://agenceweb-toulouse.fr/testnet/RF00G6D9/loa96/Net0D0F6S8R/netflix/,Netflix
2019/07/11 10:48:00,https://jsls.jpn.org/zp/chase/index.html,CHASE
2019/07/11 11:13:00,http://resetting-protection-accounts-support-appleid-apple.com/,Apple ID
2019/07/11 11:26:00,http://myau-ke.com/au/,au
2019/07/11 11:26:00,http://mydocomo-po.com/au/,au
2019/07/11 11:26:00,http://mysoftbank-ix.com/au/,au
2019/07/11 11:39:00,https://www.maikeki.com/,ゆうちょ銀行
2019/07/11 11:39:00,https://www.maikeki.com/web/index/index1,ゆうちょ銀行
2019/07/11 11:47:00,https://www.liuhazi.com/,ゆうちょ銀行
2019/07/11 11:47:00,https://www.liuhazi.com/web/index/index1,ゆうちょ銀行
2019/07/11 12:01:00,http://osoyoo.com/wp-content/uploads/2019/05/ar/sofi/softi/x-softbank/,softbank
2019/07/11 14:02:00,https://id-appleid.manage-appleid.yrtredm.com/?update,Apple ID
2019/07/11 14:02:00,https://id-appleid.manage-appleid.yrtredm.com/session/,Apple ID
2019/07/11 14:02:00,https://www.voiceclarity.in/js/jp/ebu5apntz,Apple ID
2019/07/11 14:02:00,https://www.linkedin.com/slink?code=fTxQmTS,Apple ID
2019/07/11 14:02:00,https://forum.shopfans.ru/goto.php?url=http://x.co/6ntdv,Apple ID
2019/07/11 14:02:00,http://x.co/6ntdv,Apple ID
2019/07/11 14:02:00,http://url3920.mystudentsurvey.com/wf/click?upn=HSBgJXSpN9MGyBUvXZ73hULBdHgMyJeeg-2BtbD-2Frf-2F53SR-2B2MUiaUmyYWXGIf10MJLkhed7Oj7Bk9eAjpmXo9LA-3D-3D_9JXHgSNjANkpdBQJqX-2FcFFs1fULMrOFfHJYdMKnguGXcME1g-2FLcmAaM-2FtuUS7ugGOiod59Disf-2FzUg3vBJgW3GFRGt5udEmU-2FKIx3t2fhHHev2uQ-2BYbpRvEhJr7NE1pCQJezvcuDi97sumeeZHESYruO1bhMOKL0TYaISvl5YTeMmyAdoWrWNT3G4eSUVHr6V7yhdUOAf6uwRgFezKYr2g-3D-3D,Apple ID
2019/07/11 14:02:00,https://u6202893.ct.sendgrid.net/wf/click?upn=mhCJ9-2FuPn-2BOyzGPqKKrZ6dMWWiS4-2BHhDXzT141dVyzRexSZol6tAlKjaHn-2BziS0ER4LxbXduQL3SoBvvcvl7XA-3D-3D_9JXHgSNjANkpdBQJqX-2FcFFs1fULMrOFfHJYdMKnguGVDMSf-2Fpz85Cbpw7r62GojUV-2FDyWOuDlBLwuJb7QHHsrNy1DCpM-2FMoB-2F8JHtJfSwXSYSFHkJOeESI5qAIH5hiC5b6dJP-2FsRuMBgJ84265KRjrAAco11ZNISLA80TZN8IiNWJ3PKxk8khzHnZ417xoP-2Fs2tTarrbka4GbCJ8xfQw-2BQ-3D-3D,Apple ID
2019/07/11 15:03:00,http://cloud.toyboxnet.co.jp/online/login.php,CHASE
2019/07/11 15:16:00,https://apple.id.paypalloglogging.com/?reset,Apple ID
2019/07/11 15:16:00,https://apple.id.paypalloglogging.com/session/,Apple ID
2019/07/11 15:16:00,https://apple.id.paypalzinsigin.net/session,Apple ID
2019/07/11 15:49:00,https://applied.applve.site/,Apple ID
2019/07/11 16:16:00,http://utfyebg.apple-user21909.tokyo/,Apple ID
2019/07/11 16:16:00,https://www.apple-user21909.tokyo/auth/main/data/login.php,Apple ID
2019/07/11 16:16:00,https://swasthyerbritte.org/css/apple-id/login/,Apple ID
2019/07/11 16:16:00,https://www.linkedin.com/slink?code=dhCgTf2?SDKLCNMQWEFQWEKIKI?=617091,Apple ID
2019/07/11 16:16:00,http://x.co/6nu5J,Apple ID
2019/07/11 16:16:00,https://mailunlockedcloud-reserved2019.sapotomanagesincorpse.com/?Unlockmail_,Apple ID
2019/07/11 16:42:00,http://a2plcpnl0776.prod.iad2.secureserver.net/~th4i15hcyjvd/amazon.co.jp/,Amazon
2019/07/11 16:42:00,https://amazon.co.jp.c583.clicknetamazejp.info/,Amazon
2019/07/11 16:52:00,http://mydocomo-dh.com/dc/,NTT docomo
2019/07/11 16:58:00,http://mydocomoh.com,NTT docomo
2019/07/12 09:54:00,http://resetting-defend-accounts-support-amazon.com/,Amazon
2019/07/12 11:38:00,http://mysoftbank-yd.com/dc/,NTT docomo
2019/07/12 11:38:00,http://myau-ubb.com/dc/,NTT docomo
2019/07/12 12:06:00,http://128.14.144.148/au/,au
2019/07/12 12:06:00,http://128.14.144.149/au/,au
2019/07/12 12:06:00,http://128.14.144.150/au/,au
2019/07/12 12:06:00,http://128.14.144.151/au/,au
2019/07/12 12:06:00,http://128.14.144.152/au/,au
2019/07/12 12:06:00,http://128.14.144.153/au/,au
2019/07/12 12:06:00,http://128.14.144.154/au/,au
2019/07/12 12:06:00,http://128.14.144.155/au/,au
2019/07/12 12:06:00,http://128.14.144.156/au/,au
2019/07/12 12:06:00,http://128.14.144.157/au/,au
2019/07/12 12:06:00,http://128.14.144.158/au/,au
2019/07/12 12:06:00,http://128.14.144.159/au/,au
2019/07/12 13:56:00,https://www.mvt-institute.com/opus/?loge=dXNlckBleGFtcGxlLmNvbQo=,Microsoft
2019/07/12 13:56:00,http://www.tabitabigo.com/?hub=dXNlckBleGFtcGxlLmNvbQo=,Microsoft
2019/07/12 14:13:00,http://eager-tosu-8587.whitesnow.jp/microsoftonline/purchase/,Microsoft
2019/07/12 14:19:00,http://trukbellystoves.com/kyushu-u.ac.jp/webmail,九州大学
2019/07/12 14:54:00,http://langziyx.top/,JCB
2019/07/12 15:20:00,https://dnnswebapss3.supp0rtinf00rmationss3cureapss763878949.co.jp.mkjas.me/session/,Apple ID
2019/07/12 15:41:00,https://www.daealine.com/,LINE
2019/07/12 15:58:00,https://www.spmole.com/,ゆうちょ銀行
2019/07/12 15:58:00,https://www.spmole.com/tp1web/pc/U010101WAK,ゆうちょ銀行
2019/07/12 16:16:00,http://www.amazcone.com/,Amazon
2019/07/12 16:16:00,https://www.amnazonjq.com/,Amazon
2019/07/12 16:59:00,https://newbirthfamily.church/_old/-/jcs/var/,PayPal
2019/07/12 16:59:00,http://www.patazaa.com/blog/common/-/jp/,PayPal
2019/07/12 17:02:00,http://myau-ke.com/sb/,softbank
2019/07/12 17:02:00,http://mysoftbank-ix.com/sb/,softbank
2019/07/12 17:02:00,http://mydocomo-po.com/sb/,softbank
2019/07/12 17:13:00,https://apple-appleid-applejparea-helpdesk.servere.support.kesehatanminyak.com/resetapple/session/,Apple ID
2019/07/12 17:13:00,https://loli.tuidao.me/56,Apple ID
2019/07/12 17:13:00,https://t.co/qBjOIExu0L,Apple ID
2019/07/12 17:13:00,http://x.co/6ntuM,Apple ID
2019/07/12 17:13:00,https://w3bapp-purcha3dappst0r3-secur3.8co-jp.com/?inv0ic3,Apple ID
2019/07/12 17:13:00,https://w3bapp-purcha3dappst0r3-secur3.8co-jp.com/session/,Apple ID
2019/07/12 17:13:00,http://i.ontvbr.me/lq3yp?mmkid=,Apple ID
2019/07/12 17:13:00,http://bit.do/eWsV7,Apple ID
2019/07/12 17:13:00,http://dlvr.it/R7PBGt,Apple ID
2019/07/12 17:13:00,http://x.co/6nrVs,Apple ID
2019/07/12 17:13:00,https://cokanjenggxnxx-appleverif.blrdcoin.com/?ys,Apple ID
2019/07/12 17:13:00,https://cokanjenggxnxx-appleverif.blrdcoin.com/session/,Apple ID
2019/07/12 17:37:00,https://apple.id.paypal-logins.com/?reset,Apple ID
2019/07/12 17:37:00,https://apple.id.paypal-logins.com/session/,Apple ID
2019/07/12 17:37:00,https://support.apple.com-ja-jp.cid.service-center01.dynv6.net/session/,Apple ID
2019/07/12 18:15:00,http://trukbellystoves.com/att.ne.jp/spinnet/,SpinNet
2019/07/16 10:59:00,https://t.co/FvlRvOGu4V,Apple ID
2019/07/16 10:59:00,https://ddnssweb0.mail-inf0rmationsaccc0untwebapss863784538id.co.jp.2-co-jp.me/session/,Apple ID
2019/07/16 13:49:00,https://storen.me/nagoya/,名古屋市立大学
2019/07/16 13:49:00,https://storen.me/Kagoshima/,鹿児島大学
2019/07/16 13:47:00,https://storen.me/3/df/,大阪大学
2019/07/16 14:08:00,https://bitcalendar.net/database/Secure/netdocusignb/ertyuhijmkxescdrvtfbgynhumjinhgcewrctvybn,DocuSign
2019/07/16 15:35:00,https://b-cruise.co.jp/so.php,Netflix
2019/07/16 15:35:00,http://sandoval501.org/wp-snapshots/tmp/en,Netflix
2019/07/16 16:28:00,https://smbc-scards.com/147258369/home2.html,三井住友カード
2019/07/16 17:57:00,http://vanloctotalpacking.com/bofffe.html,Rabobank
2019/07/16 17:57:00,https://rabobinloggen.nl/iban/,Rabobank
2019/07/16 15:32:00,https://www.px126.com/,NTTイフ
2019/07/16 18:33:00,http://plusonetec.com/wf.html,Wells Fargo
2019/07/16 18:33:00,http://david.student.mindroom.com.au/.www/lig.php,Wells Fargo
2019/07/16 18:48:00,https://apple-appleid.com.helpdesk-jp.jpolicies-51s72id.dynv6.net/private_area/?supopoy,Apple ID
2019/07/16 18:48:00,https://apple-appleid.com.helpdesk-jp.jpolicies-51s72id.dynv6.net/private_area/session/,Apple ID
2019/07/17 10:00:00,https://apple.id.paypal-logins.net/?reset,Apple ID
2019/07/17 10:00:00,https://apple.id.paypal-logins.net/session/,Apple ID
2019/07/17 10:00:00,https://kaywa.me/Tv3md,Apple ID
2019/07/17 10:00:00,https://verify-accountsupport.timbangora.com/session/,Apple ID
2019/07/17 10:31:00,https://apple-appleid-helpdesk.terms.check.jpolicies-j88ba45cz.dynv6.net/billing-repository/session/,Apple ID
2019/07/17 10:31:00,https://apple.id.paypal-secure.business/?reset,Apple ID
2019/07/17 10:31:00,https://apple.id.paypal-secure.business/session/,Apple ID
2019/07/17 10:59:00,https://www.ewdaline.com/,LINE
2019/07/17 10:59:00,http://www.line-accountq.com/,LINE
2019/07/17 11:10:00,http://www.docomo-skd.com/,NTT docomo
2019/07/17 12:00:00,http://clarusclean.co.uk/p/,PayPal
2019/07/17 12:00:00,https://shortener.cc/ARXRJ,PayPal
2019/07/17 12:10:00,http://resetting-defend-accounts-support-appleid-apple.com/,Apple ID
2019/07/17 12:31:00,https://smoco.jp,三井住友銀行
2019/07/17 13:47:00,http://proud-saito-5902.itigo.jp/97U44838JDHI43OI3OI3OJ334/Doc00024555.php,OneDrive
2019/07/17 13:47:00,http://white-yame-0332.chowder.jp/cawfmldlmlfbmlwayjyreyrdyra9bmldbstm/Doc00024555.php,OneDrive
2019/07/17 13:55:00,http://www.zestonerecords.com/usd/,OneDrive
2019/07/17 14:28:00,http://colncheck.com,Coincheck
2019/07/17 14:42:00,http://amazxs.com,Amazon
2019/07/17 14:42:00,http://www.amnazonjq.com,Amazon
2019/07/17 14:42:00,http://amaznoeom.com,Amazon
2019/07/17 15:19:00,http://amaonzetffs.hentaiwonderland.com,Amazon
2019/07/17 15:19:00,http://amazonyrxz.hentaiwonderland.com,Amazon
2019/07/17 15:34:00,http://amyra.hentaiwonderland.com,Amazon
2019/07/17 15:45:00,https://nguyenkhanhs.com/wp-content/plugins/yith-woocommerce-wishlist/plugin-fw/assets/images/oreos/Excel/page.php,Microsoft
2019/07/17 17:12:00,https://apple.id.paypalgeneral.info/?reset,Apple ID
2019/07/17 17:12:00,https://apple.id.paypalgeneral.info/session/,Apple ID
2019/07/18 10:29:00,https://xnxhhjmbdvefication-appleaswlek.abdominalau.com/session/,Apple ID
2019/07/18 10:59:00,https://b-cruise.co.jp/so.php,PayPal
2019/07/18 10:59:00,http://bkcustomer1st.com/intl-update/,PayPal
2019/07/18 13:32:00,https://itsinthedetails.net/.kk/ini.php,Amazon
2019/07/18 13:32:00,https://guntur20.id/.well-known/home/amazon/,Amazon
2019/07/18 13:45:00,http://www.chakrajb.com/arim/Absa%20Online%20-%20PROFILE.htm,ABSA Bank
2019/07/18 14:19:00,http://stepenglishclub.sakura.ne.jp/tmp/AMAZ0/AMAz0n/,Amazon
2019/07/18 13:49:00,https://gorakunavi.com/00/Office/365/Login.php,Microsoft
2019/07/18 14:07:00,https://www2.account-update.amazon.co.jp.fea33a31df7d05a276193d32621ecbe4.nl/,Amazon
2019/07/18 14:34:00,http://www.rkssolicitors.com/wp-content/uploads/2013/jp/,PayPal
2019/07/18 15:14:00,https://alieltawest.xyz/imagess/toda/microsoft.php,Microsoft
2019/07/18 14:27:00,https://housethezarket.ru/fgtr/index.php?grandenew=civicbeast,OneDrive
2019/07/18 15:32:00,http://mydocomowa.com,NTT docomo
2019/07/18 16:06:00,http://apple.varifidogiouy.com/verification/,Apple ID
2019/07/18 16:12:00,http://colncheck.com/,Coincheck
2019/07/18 16:55:00,https://ddnssweb2mail-inf0rmationsaccc0untalertwebapss863784538id.co.jp.rfgsagr.com/session/,Apple ID
2019/07/18 17:18:00,http://abre.ai/4SL,Apple ID
2019/07/18 17:18:00,https://xnxhhjmbdvefication-appleaswlek.abdominalau.com/?ys,Apple ID
2019/07/18 17:43:00,https://mamamsiamamam.com/?inv,Apple ID
2019/07/18 17:43:00,https://mamamsiamamam.com/signin.php?inv,Apple ID
2019/07/18 17:43:00,http://securityqwy-apple.top/,Apple ID
2019/07/18 18:04:00,https://greenhappiness.com/25portwabmail/tohoku.ac.jp.htm,東北大学
2019/07/19 11:11:00,http://www.a-sunenergy.com/wp-includes/ID3/cus/customer/6147afcb4018a53b5935ac9b87317c3b/signin.php,Amazon
2019/07/19 11:26:00,https://new4wasemteem13.com/tet/mteh/enterpassword.php,Microsoft
2019/07/19 12:02:00,https://mollydefrank.com/Amazon_Account/60e28,Amazon
2019/07/19 12:02:00,http://ht.ly/hDNA30p8SYZ,Amazon
2019/07/19 12:02:00,http://ht.ly/ug8g30p8gL6,Amazon
2019/07/19 12:02:00,http://ht.ly/Mao030p8u9V,Amazon
2019/07/19 12:02:00,http://ht.ly/9mjm30p8aMq,Amazon
2019/07/19 12:02:00,http://ht.ly/Ka3I30p8u9H,Amazon
2019/07/19 12:02:00,http://ht.ly/oRlO30p8Xoh,Amazon
2019/07/19 12:02:00,http://ht.ly/DMLY30p8SZ1,Amazon
2019/07/19 12:02:00,http://x.co/6nulC?8mPcx3f9,Amazon
2019/07/19 12:02:00,http://x.co/6nulC?kta4MRoc,Amazon
2019/07/19 12:02:00,https://customer-satisfaction-survey-new.stirgate.com/,Amazon
2019/07/19 12:02:00,https://sign-in.amazoon.co.jp.ohcintakubericprofessional.org/?crot,Amazon
2019/07/19 12:02:00,https://d.pr/dXRYJm?fyPUH4j3,Amazon
2019/07/19 12:02:00,https://kaywa.me/U1lQW,Amazon
2019/07/19 12:17:00,https://www.amazon.co.jp.665b533117f94520f82b8a97ac04ef3f75a08.info/3CD36FE6B3B5F54970BFE7810A64BCE8/44D3E02E627427809C313FC3017BE216/30FED2108D9208307193BD748E9521B1/amazon/signin.php,Amazon
2019/07/19 12:22:00,https://www2.account-update.amazon.co.jp.85d8ce590ad8981ca2c8286f79f59954.ml/,Amazon
2019/07/19 13:16:00,https://itefaq-ps.com/modules/file/plala/index.php,ぷらら
2019/07/19 13:33:00,https://www.yhdfline.com/,LINE
2019/07/19 14:01:00,https://smbc-card.jp-amazonmailses.com/signx-jplog/signin.php,三井住友カード
2019/07/19 14:30:00,https://parsleywebsites.co.kr/incar/,Microsoft
2019/07/19 14:52:00,http://mydocomoax.com/,NTT docomo
2019/07/19 14:52:00,http://mydocomoaz.com/,NTT docomo
2019/07/19 15:10:00,http://lomey.co.jp/plugins/index.html,Microsoft
2019/07/19 15:31:00,https://amaz0ncslewis.page.link/fthWtYYkDZr2WSzA6,Amazon
2019/07/19 15:31:00,http://ht.ly/sEFB30p8PE8,Amazon
2019/07/19 15:31:00,https://metsuyampnb198909.shortcm.li/IbxczP,Amazon
2019/07/19 15:31:00,http://ammazoid.hentaiwonderland.com/,Amazon
2019/07/19 15:31:00,https://ama2onjp-service.com/xsecure-jajp-v3/signin.php,Amazon
2019/07/19 16:17:00,https://d.pr/TpsGIy,Amazon
2019/07/19 16:17:00,http://jp.security125.info/,Amazon
2019/07/19 16:10:00,https://alepz.com/cloud_document_upload_excel/excel/,Microsoft
2019/07/19 16:10:00,http://shethoitrang.com/modules/advertise/,Microsoft
2019/07/19 16:10:00,http://gogianguyen.com/extension/reader/,Microsoft
2019/07/19 16:34:00,http://cloq-v09.ml/outlookkkwebapp/,Microsoft
2019/07/19 16:52:00,http://id-crd.com/id/,iD
2019/07/19 18:04:00,http://www.amaznc.com/,Amazon
2019/07/19 17:45:00,https://wakrokismani-mail.business/?ys,Apple ID
2019/07/19 17:28:00,https://sortowl.com/J9rKb,Apple ID
2019/07/19 17:28:00,https://appleid.applejpi.com/,Apple ID
2019/07/22 09:33:00,http://www.jcb-co-jp.xyz/nicos/support/webs/id,三菱UFJニコス
2019/07/22 09:33:00,http://www.jcb-co-jp.xyz/selected/id,三菱UFJニコス
2019/07/22 09:33:00,http://www.jcb-co-jp.top/selected/id,三菱UFJニコス
2019/07/22 09:38:00,http://128.1.90.136/au/,au
2019/07/22 09:45:00,http://128.1.90.136/sb/,softbank
2019/07/22 09:53:00,http://128.1.90.136/dc/,NTT docomo
2019/07/22 10:54:00,https://glorious-shop.com/wp-content/keypem/,Microsoft
2019/07/22 10:59:00,http://winfred3.com/,OneDrive
2019/07/22 11:14:00,https://winfred10.com/pab/,Microsoft
2019/07/22 11:34:00,http://www.java.gr.jp/wp-includes/widgets/admin/,Microsoft
2019/07/22 11:35:00,http://n3plcpnl0264.prod.ams3.secureserver.net/~nsolbbtkq2xv/amazon.co.jp/,Amazon
2019/07/22 11:35:00,http://89.249.65.62/inc.php,Amazon
2019/07/22 13:35:00,https://shortener.cc/0BPXG,PayPal
2019/07/22 13:35:00,https://shortener.cc/v8sov,PayPal
2019/07/22 13:35:00,https://70627e43.ngrok.io/scccccc/?em=aaa@aaa,PayPal
2019/07/22 13:35:00,https://cta-usa.org/redirect.php?link=https://you-events.ro/wp-content/themes/industrial-child/-/bin/,PayPal
2019/07/22 13:35:00,https://you-events.ro/wp-content/themes/industrial-child/-/bin/,PayPal
2019/07/22 16:13:00,https://vvvvvvvv.loyalistproperty.com/,ASAHIネット
2019/07/22 16:56:00,http://resetting-defend-accounts-protection-support-rakuten.com/,楽天
2019/07/22 15:24:00,http://myjcb-jp.top/selected/id,三菱UFJニコス
2019/07/22 15:24:00,http://myjcb-jp.xyz/selected/id,三菱UFJニコス
2019/07/22 15:24:00,http://myjcb-jp.ltd/selected/id,三菱UFJニコス
2019/07/22 17:30:00,https://apple.id.boskuloginncbigene.net/?reset,Apple ID
2019/07/22 17:30:00,https://apple.id.boskuloginncbigene.net/session/,Apple ID
2019/07/22 17:30:00,http://x.co/6nv4E,Apple ID
2019/07/22 17:30:00,https://secure-infomailautomaticverifyidentifyid.lappurulcokdatainca.com/session/,Apple ID
2019/07/22 17:30:00,https://ghoststoretldc.com/session/,Apple ID
2019/07/22 16:03:00,http://securityqwt-apple.top/,Apple ID
2019/07/22 17:41:00,http://128.1.90.137/au/,au
2019/07/22 17:41:00,http://128.1.90.138/au/,au
2019/07/22 17:41:00,http://128.1.90.139/au/,au
2019/07/22 17:41:00,http://128.1.90.140/au/,au
2019/07/22 17:41:00,http://128.1.90.141/au/,au
2019/07/22 17:41:00,http://128.1.90.142/au/,au
2019/07/22 17:41:00,http://128.1.90.143/au/,au
2019/07/22 18:40:00,http://myjcb-jp.mobi/selected/id,三菱UFJニコス
2019/07/23 09:54:00,http://id-securitys.com/au/,au
2019/07/23 10:04:00,http://128.1.90.137/sb/,softbank
2019/07/23 10:04:00,http://128.1.90.138/sb/,softbank
2019/07/23 10:04:00,http://128.1.90.139/sb/,softbank
2019/07/23 10:04:00,http://128.1.90.140/sb/,softbank
2019/07/23 10:04:00,http://128.1.90.141/sb/,softbank
2019/07/23 10:04:00,http://128.1.90.142/sb/,softbank
2019/07/23 10:04:00,http://128.1.90.143/sb/,softbank
2019/07/23 10:04:00,http://id-securitys.com/sb/,softbank
2019/07/23 10:24:00,https://winfred11.com/4hhddahhhggy/enterpassword.php,Microsoft
2019/07/23 10:29:00,http://myauaz.com/sb/,softbank
2019/07/23 10:38:00,http://myauaz.com/au/,au
2019/07/23 10:53:00,https://app.startxpo.com/application/Netflix/,Netflix
2019/07/23 11:00:00,https://www.sfelinea.com/ia/anqun/gamess/authsuppgePasyusword/verifie/OWktRy4lluO6/,LINE
2019/07/23 11:10:00,http://x.co/3221PO,PayPal
2019/07/23 11:10:00,http://yadavtours.com/wp-content/xmaths/,PayPal
2019/07/23 11:27:00,https://www.newviewlearning.com/hlpdsk.servicesecured.sakuraonline.a8ad2d5dee9e29815d1ef1ae7b7fbbab-9525e19d-ce3d1099a8ad2d5dee9e29815d1ef1ae7b7fbbab-9525e19d-ce3d1099/sakura.html,さくらインターネット
2019/07/23 11:27:00,http://secure.sakurasupport.co/ad.jp/rscontrol/webmail,さくらインターネット
2019/07/23 11:49:00,http://activesencasjp.atspace.cc/activem.php,Active!mail
2019/07/23 12:03:00,https://apple-appleid.com.policies-japan.statement-d74id26s.dynv6.net/helpdesk/session/,Apple ID
2019/07/23 12:03:00,http://gg.gg/eklqo/,Apple ID
2019/07/23 12:03:00,https://appleid.applemanage-accountalert.com/?account,Apple ID
2019/07/23 12:03:00,https://9c0-jp.com/session/?v3rify,Apple ID
2019/07/23 12:13:00,http://128.1.90.136/id/,iD
2019/07/23 12:13:00,http://128.1.90.137/id/,iD
2019/07/23 12:13:00,http://128.1.90.138/id/,iD
2019/07/23 12:13:00,http://128.1.90.139/id/,iD
2019/07/23 12:13:00,http://128.1.90.140/id/,iD
2019/07/23 12:13:00,http://128.1.90.141/id/,iD
2019/07/23 12:13:00,http://128.1.90.142/id/,iD
2019/07/23 12:13:00,http://128.1.90.143/id/,iD
2019/07/23 12:35:00,https://rmptravelinternational.com/wp-includes/certificates/,Linked in
2019/07/23 12:43:00,http://upaming.xyz/pub/php/Validation/,Adobe
2019/07/23 14:16:00,http://securityqwr-apple.top/,Apple ID
2019/07/23 14:19:00,http://128.14.128.144/dco/,NTT docomo
2019/07/23 14:28:00,http://myauaz.com/dc/,NTT docomo
2019/07/23 14:33:00,http://myauaz.com/id/,iD
2019/07/23 14:43:00,http://128.1.90.137/dc/,NTT docomo
2019/07/23 14:43:00,http://128.1.90.138/dc/,NTT docomo
2019/07/23 14:43:00,http://128.1.90.139/dc/,NTT docomo
2019/07/23 14:43:00,http://128.1.90.140/dc/,NTT docomo
2019/07/23 14:43:00,http://128.1.90.141/dc/,NTT docomo
2019/07/23 14:43:00,http://128.1.90.142/dc/,NTT docomo
2019/07/23 14:43:00,http://128.1.90.143/dc/,NTT docomo
2019/07/23 15:01:00,https://appzujpaza-verinfzinfonvvkq.xnycadga.com/?uwuz_jzpms,Apple ID
2019/07/23 15:30:00,https://kawawa-sharks.com/wp-content/plugins/flagallery-skins/default/case/Logon.php?LOB=RBGLogon&_pageLabel=page_logonform,CHASE
2019/07/23 15:54:00,https://www.amazzonccp.com/,Amazon
2019/07/23 15:54:00,https://customers-satisfaction-survey.awshardware.com/,Amazon
2019/07/23 15:54:00,http://ht.ly/Sey530p9TxB,Amazon
2019/07/24 10:20:00,https://goublog.org/login.php,Microsoft
2019/07/24 10:27:00,https://coxfarming.co.kr/OneDrv/,OneDrive
2019/07/24 11:15:00,http://rakutendl.com/,楽天カード
2019/07/24 11:15:00,http://www.rakutendl.com/,楽天カード
2019/07/24 11:34:00,https://www.wenshote.com/,ゆうちょ銀行
2019/07/24 11:41:00,https://smbc-card.comauthasw.com/signx-jplog/signin.php,三井住友カード
2019/07/24 11:53:00,https://www.lcadb.com/bt/xvbb/,BBIQ
2019/07/24 09:46:00,http://winfred9.com/batwat/normal/AuthCTN.php?LOB=RBGLogon&_pageLabel,Microsoft
2019/07/24 12:04:00,https://deparate.net/linkedin_/login.php,Linked in
2019/07/24 10:03:00,http://128.14.128.144/au/,au
2019/07/24 10:03:00,http://128.14.128.146/au/,au
2019/07/24 10:03:00,http://128.14.128.147/au/,au
2019/07/24 10:03:00,http://128.14.128.148/au/,au
2019/07/24 10:03:00,http://128.14.128.149/au/,au
2019/07/24 10:03:00,http://128.14.128.150/au/,au
2019/07/24 10:03:00,http://128.14.128.151/au/,au
2019/07/24 10:03:00,http://128.14.128.152/au/,au
2019/07/24 10:03:00,http://128.14.128.153/au/,au
2019/07/24 10:03:00,http://128.14.128.154/au/,au
2019/07/24 10:03:00,http://128.14.128.155/au/,au
2019/07/24 10:03:00,http://128.14.128.156/au/,au
2019/07/24 10:03:00,http://128.14.128.157/au/,au
2019/07/24 10:03:00,http://128.14.128.158/au/,au
2019/07/24 10:03:00,http://128.14.128.159/au/,au
2019/07/24 12:12:00,http://www.tim-telcome.it/,Netflix
2019/07/24 10:42:00,http://nkcsolutions.com/known/april/Standard%20Bank%20Online%20Banking.htm,Standard Bank
2019/07/24 13:28:00,http://128.14.128.145/au/,au
2019/07/24 10:46:00,http://128.14.128.144/sb/,softbank
2019/07/24 10:46:00,http://128.14.128.145/sb/,softbank
2019/07/24 10:46:00,http://128.14.128.146/sb/,softbank
2019/07/24 10:46:00,http://128.14.128.147/sb/,softbank
2019/07/24 10:46:00,http://128.14.128.148/sb/,softbank
2019/07/24 10:46:00,http://128.14.128.149/sb/,softbank
2019/07/24 10:46:00,http://128.14.128.150/sb/,softbank
2019/07/24 10:46:00,http://128.14.128.151/sb/,softbank
2019/07/24 10:46:00,http://128.14.128.152/sb/,softbank
2019/07/24 10:46:00,http://128.14.128.153/sb/,softbank
2019/07/24 10:46:00,http://128.14.128.154/sb/,softbank
2019/07/24 10:46:00,http://128.14.128.155/sb/,softbank
2019/07/24 10:46:00,http://128.14.128.156/sb/,softbank
2019/07/24 10:46:00,http://128.14.128.157/sb/,softbank
2019/07/24 10:46:00,http://128.14.128.158/sb/,softbank
2019/07/24 10:46:00,http://128.14.128.159/sb/,softbank
2019/07/24 13:31:00,https://smbc-bank.comauthasw.com/signx-jplog/signin.php,三井住友カード
2019/07/24 13:24:00,http://128.14.128.144/dc/,NTT docomo
2019/07/24 13:24:00,http://128.14.128.145/dc/,NTT docomo
2019/07/24 13:24:00,http://128.14.128.146/dc/,NTT docomo
2019/07/24 13:24:00,http://128.14.128.147/dc/,NTT docomo
2019/07/24 13:24:00,http://128.14.128.148/dc/,NTT docomo
2019/07/24 13:24:00,http://128.14.128.149/dc/,NTT docomo
2019/07/24 13:24:00,http://128.14.128.150/dc/,NTT docomo
2019/07/24 13:24:00,http://128.14.128.151/dc/,NTT docomo
2019/07/24 13:24:00,http://128.14.128.152/dc/,NTT docomo
2019/07/24 13:24:00,http://128.14.128.153/dc/,NTT docomo
2019/07/24 13:24:00,http://128.14.128.154/dc/,NTT docomo
2019/07/24 13:24:00,http://128.14.128.155/dc/,NTT docomo
2019/07/24 13:24:00,http://128.14.128.156/dc/,NTT docomo
2019/07/24 13:24:00,http://128.14.128.157/dc/,NTT docomo
2019/07/24 13:24:00,http://128.14.128.158/dc/,NTT docomo
2019/07/24 13:24:00,http://128.14.128.159/dc/,NTT docomo
2019/07/24 13:24:00,http://128.14.128.144/dco/,NTT docomo
2019/07/24 13:24:00,http://128.14.128.145/dco/,NTT docomo
2019/07/24 13:24:00,http://128.14.128.146/dco/,NTT docomo
2019/07/24 13:24:00,http://128.14.128.147/dco/,NTT docomo
2019/07/24 13:24:00,http://128.14.128.148/dco/,NTT docomo
2019/07/24 13:24:00,http://128.14.128.149/dco/,NTT docomo
2019/07/24 13:24:00,http://128.14.128.150/dco/,NTT docomo
2019/07/24 13:24:00,http://128.14.128.151/dco/,NTT docomo
2019/07/24 13:24:00,http://128.14.128.152/dco/,NTT docomo
2019/07/24 13:24:00,http://128.14.128.153/dco/,NTT docomo
2019/07/24 13:24:00,http://128.14.128.154/dco/,NTT docomo
2019/07/24 13:24:00,http://128.14.128.155/dco/,NTT docomo
2019/07/24 13:24:00,http://128.14.128.156/dco/,NTT docomo
2019/07/24 13:24:00,http://128.14.128.157/dco/,NTT docomo
2019/07/24 13:24:00,http://128.14.128.158/dco/,NTT docomo
2019/07/24 13:24:00,http://128.14.128.159/dco/,NTT docomo
2019/07/24 14:31:00,http://www.amazcg.com/,Amazon
2019/07/24 14:31:00,http://ht.ly/OvES30p9Uxx,Amazon
2019/07/24 14:31:00,http://ht.ly/hiTY30p9Txq,Amazon
2019/07/24 14:57:00,https://support.apple.com-ja-jp.cid.jp-service-center.dynv6.net/session/,Apple ID
2019/07/24 13:14:00,http://securityqwc-apple.top/,Apple ID
2019/07/24 16:19:00,https://otheles.com/LinkedIn/v2/index.html,Linked in
2019/07/24 16:41:00,http://mydocomoaf.com/,NTT docomo
2019/07/24 15:15:00,https://www2.account-update.amazon.co.jp.5ad742cd15633b26fdce1b80f7b39f7c.ml/,Amazon
2019/07/24 15:15:00,https://amazon.co.jp.be48233b38cbd64e3128c9f016339a91jksjdo89.biz/3DBDBBDBA9FB55C05FA2CE635F50A371/EC2BDDF28EDDE8AFFDB0A737D961B499/BDA4761044BC4CECE833B671B350AE52/amazon/,Amazon
2019/07/24 15:15:00,http://ht.ly/LSOu30pb2EA,Amazon
2019/07/24 16:29:00,http://winfred2.com/Proposal/,Microsoft
2019/07/24 16:03:00,http://ht.ly/Xvox30pb2Ek,Amazon
2019/07/24 16:03:00,https://d.pr/NAEZxd,Amazon
2019/07/24 16:03:00,https://kaywa.me/7nD6s,Amazon
2019/07/24 16:03:00,https://sign-in.amazoon.co.jp.old-4.com/?crot,Amazon
2019/07/24 16:03:00,https://yateokoge197721.shortcm.li/risAnC,Amazon
2019/07/24 16:03:00,https://upgradnenotlficat1on.amaezonemaket.com/,Amazon
2019/07/24 18:32:00,https://eduonlineblog.com/active,Active!mail
2019/07/25 09:11:00,http://resetting-defend-accounts-protection-supports-rakuten.com/,楽天
2019/07/25 09:37:00,http://muse-v11.cf/excel/po/po/po/page.php,Microsoft
2019/07/25 09:45:00,http://cure-box14.ga/CN/xinx/,Microsoft
2019/07/25 09:29:00,http://ht.ly/gEfM30pbssR,Amazon
2019/07/25 09:29:00,http://ht.ly/5yzB30pbB8E,Amazon
2019/07/25 09:29:00,http://ht.ly/l4Vs30pc0U3,Amazon
2019/07/25 09:29:00,http://ht.ly/P96A30pc6Tq,Amazon
2019/07/25 09:29:00,https://customers-satisfaction.knockitoutlawncare.com/,Amazon
2019/07/25 09:29:00,https://www.amazeonojp.com/,Amazon
2019/07/25 09:52:00,https://animalbriar.co.kr/z/live/,Microsoft
2019/07/25 09:25:00,http://hitotubu.or.jp/_backup/efoc/denc.htm,ABSA Bank
2019/07/25 09:41:00,http://128.14.128.144/id/,iD
2019/07/25 09:41:00,http://128.14.128.145/id/,iD
2019/07/25 09:41:00,http://128.14.128.146/id/,iD
2019/07/25 09:41:00,http://128.14.128.147/id/,iD
2019/07/25 09:41:00,http://128.14.128.148/id/,iD
2019/07/25 09:41:00,http://128.14.128.149/id/,iD
2019/07/25 09:41:00,http://128.14.128.150/id/,iD
2019/07/25 09:41:00,http://128.14.128.151/id/,iD
2019/07/25 09:41:00,http://128.14.128.152/id/,iD
2019/07/25 09:41:00,http://128.14.128.153/id/,iD
2019/07/25 09:41:00,http://128.14.128.154/id/,iD
2019/07/25 09:41:00,http://128.14.128.155/id/,iD
2019/07/25 09:41:00,http://128.14.128.156/id/,iD
2019/07/25 09:41:00,http://128.14.128.157/id/,iD
2019/07/25 09:41:00,http://128.14.128.158/id/,iD
2019/07/25 09:41:00,http://128.14.128.159/id/,iD
2019/07/25 09:41:00,http://128.14.135.232/id/,iD
2019/07/25 09:41:00,http://128.14.135.233/id/,iD
2019/07/25 09:41:00,http://128.14.135.234/id/,iD
2019/07/25 09:41:00,http://128.14.135.235/id/,iD
2019/07/25 09:41:00,http://128.14.135.236/id/,iD
2019/07/25 09:41:00,http://128.14.135.237/id/,iD
2019/07/25 09:41:00,http://128.14.135.238/id/,iD
2019/07/25 09:41:00,http://128.14.135.239/id/,iD
2019/07/25 09:50:00,http://128.14.135.232/dc/,NTT docomo
2019/07/25 09:50:00,http://128.14.135.233/dc/,NTT docomo
2019/07/25 09:50:00,http://128.14.135.234/dc/,NTT docomo
2019/07/25 09:50:00,http://128.14.135.235/dc/,NTT docomo
2019/07/25 09:50:00,http://128.14.135.236/dc/,NTT docomo
2019/07/25 09:50:00,http://128.14.135.237/dc/,NTT docomo
2019/07/25 09:50:00,http://128.14.135.238/dc/,NTT docomo
2019/07/25 09:50:00,http://128.14.135.239/dc/,NTT docomo
2019/07/25 09:50:00,http://128.14.135.232/dco/,NTT docomo
2019/07/25 09:50:00,http://128.14.135.233/dco/,NTT docomo
2019/07/25 09:50:00,http://128.14.135.234/dco/,NTT docomo
2019/07/25 09:50:00,http://128.14.135.235/dco/,NTT docomo
2019/07/25 09:50:00,http://128.14.135.236/dco/,NTT docomo
2019/07/25 09:50:00,http://128.14.135.237/dco/,NTT docomo
2019/07/25 09:50:00,http://128.14.135.238/dco/,NTT docomo
2019/07/25 09:50:00,http://128.14.135.239/dco/,NTT docomo
2019/07/25 12:33:00,https://signtuition.co.kr/payment/Drive/,Microsoft
2019/07/25 12:33:00,http://pyxispayable.co.kr/0000/365/,Microsoft
2019/07/25 14:22:00,https://frtighe.com/pikara-webmail/,お仕事ピカラウェブメール
2019/07/25 14:38:00,http://kollegaindonesia.com/wp-content/plugins/awhmqgk/ppsave/,PayPal
2019/07/25 14:38:00,http://x.co/320UKK,PayPal
2019/07/25 14:46:00,http://www.line-accountw.com/,LINE
2019/07/25 14:57:00,http://myau-tk.com/sb/,softbank
2019/07/25 14:57:00,http://myauaz.com/sb/,softbank
2019/07/25 14:57:00,http://128.14.135.232/sb/,softbank
2019/07/25 14:57:00,http://128.14.135.233/sb/,softbank
2019/07/25 14:57:00,http://128.14.135.234/sb/,softbank
2019/07/25 14:57:00,http://128.14.135.235/sb/,softbank
2019/07/25 14:57:00,http://128.14.135.236/sb/,softbank
2019/07/25 14:57:00,http://128.14.135.237/sb/,softbank
2019/07/25 14:57:00,http://128.14.135.238/sb/,softbank
2019/07/25 14:57:00,http://128.14.135.239/sb/,softbank
2019/07/25 15:06:00,http://128.14.135.232/au/,au
2019/07/25 15:06:00,http://myau-tk.com/au/,au
2019/07/25 15:17:00,http://myau-tk.com/dc/,NTT docomo
2019/07/25 15:17:00,http://myau-tk.com/dco/,NTT docomo
2019/07/25 15:17:00,http://myauaz.com/dc/,NTT docomo
2019/07/25 15:17:00,http://myauaz.com/dco/,NTT docomo
2019/07/25 15:17:00,http://www.suzuki-ngoisao.com/admin/controller/customer/onlinecustbillingonline/customer_center/customer-IDPP00C175/myaccount/signin/,PayPal
2019/07/25 15:31:00,http://myau-tk.com/id/,iD
2019/07/25 15:31:00,http://myauaz.com/id/,iD
2019/07/25 16:03:00,http://securityqwh-apple.top/,Apple ID
2019/07/26 09:22:00,https://bhaktapurtravels.com/keypem/bulletproof/randomvariableid-65991/,Microsoft
2019/07/26 09:31:00,http://quantumsubscript.co.kr/Z1/onedri/one,Microsoft
2019/07/26 09:38:00,http://www.aicraftms.com/gallery4/ssw/Login2.php,PayPal
2019/07/26 09:54:00,https://ort8asopsods.appspot.com/,Office365
2019/07/26 10:16:00,http://www.rakutenjl.com/,楽天カード
2019/07/26 10:16:00,http://rakutenjl.com/,楽天カード
2019/07/26 10:00:00,http://myau-ci.com/sb/,softbank
2019/07/26 11:18:00,https://apple.id.nomenkogin.info/?reset,Apple ID
2019/07/26 11:18:00,https://appzujpaza-verinfzinfonjkzm.wrvcsafquebecwritersfederation.com/?uwuz_jzpms,Apple ID
2019/07/26 11:57:00,http://myau-ci.com/dc/,NTT docomo
2019/07/26 11:57:00,http://myau-ci.com/dco/,NTT docomo
2019/07/26 12:02:00,http://myau-ci.com/id/,iD
2019/07/26 12:36:00,https://jafahbeg.com/c/365/,Microsoft
2019/07/26 13:56:00,https://smbceco.net/1.asp,三井住友銀行
2019/07/26 14:07:00,http://myau-ci.com/au/,au
2019/07/26 14:07:00,http://128.14.135.233/au/,au
2019/07/26 14:07:00,http://128.14.135.234/au/,au
2019/07/26 14:07:00,http://128.14.135.235/au/,au
2019/07/26 14:07:00,http://128.14.135.236/au/,au
2019/07/26 14:07:00,http://128.14.135.237/au/,au
2019/07/26 14:07:00,http://128.14.135.238/au/,au
2019/07/26 14:07:00,http://128.14.135.239/au/,au
2019/07/26 14:31:00,http://greenestsaremco.jp/rent/,AT&T
2019/07/26 14:46:00,https://ikpilfcsxa.000webhostapp.com/b/webmail.auone-net.jp/webmail.auone-net.jp/login/index.html,au
2019/07/26 14:46:00,https://bit.ly/32LF8SJ,au
2019/07/26 15:16:00,http://apple.varifidogiooq.com/verification/apple/alert,Apple ID
2019/07/26 15:16:00,http://apple.varifidogiooq.com/verification/Sms/index,Apple ID
2019/07/26 15:37:00,https://qataronlinemarket.com/html/XML/,PayPal
2019/07/26 15:37:00,https://sg2plcpnl0252.prod.sin2.secureserver.net/~vs9xhoce7ll7/cache/-/home/id/cd/appolz/nkkl/ppool/azerty/homezeza/secdf/pplookst/home/homezrs-xppl/,PayPal
2019/07/26 15:47:00,http://tipperlaughing.co.kr/onedrivex/onedrivex/,Microsoft
2019/07/26 16:20:00,https://serverless-url-shortener6b92.azurewebsites.net/2q,Apple ID
2019/07/26 16:20:00,https://jpact-sopprtmngejp.3utilities.com/,Apple ID
2019/07/26 16:44:00,https://ikpilfcsxa.000webhostapp.com/b/webmail.auone-net.jp/webmail.auone-net.jp/login/index.html,au
2019/07/26 18:20:00,https://secureacc0unt.authorizedverifypaymentcancel998.co.jp.ydt7wag.com/session,Apple ID
2019/07/26 18:20:00,https://web.apple.com-us-feedback20193633k8450.authsctyaw.com/?Fdback3563,Apple ID
2019/07/26 18:20:00,https://web.apple.com-us-feedback20193633k8450.authsctyaw.com/session/,Apple ID
2019/07/26 18:20:00,https://wbrotherhood.com/redirect.html,Apple ID
2019/07/26 18:20:00,https://appleid-apple.co.jp.wbrotherhood.com/,Apple ID
2019/07/29 10:20:00,https://ni-iku.amz0goto.org/vPPGr,Amazon
2019/07/29 10:20:00,https://amz.japan.customers-preferences-id.kanri-akaunto.info/?iyh_re,Amazon
2019/07/29 10:42:00,http://myau-iv.com/sb/,softbank
2019/07/29 10:44:00,http://myau-ci.com/au/,au
2019/07/29 10:45:00,https://www.dsfh-uef.com/,LINE
2019/07/29 10:45:00,https://www.wdfg-sd.com/,LINE
2019/07/29 11:04:00,http://myau-iv.com/dc/,NTT docomo
2019/07/29 11:04:00,http://myau-iv.com/dco/,NTT docomo
2019/07/29 11:05:00,http://myau-iv.com/id/,iD
2019/07/29 11:12:00,https://www.meeiso.com/,ゆうちょ銀行
2019/07/29 11:27:00,http://coincheck.vip/,Coincheck
2019/07/29 11:44:00,http://www.shreesunil.com/online/,PayPal
2019/07/29 13:37:00,https://azhiaps3321.com/_goid,Apple ID
2019/07/29 13:37:00,https://manage-appleidresolutionaccountsignin.panteight01.com/?iyh_re,Apple ID
2019/07/29 13:50:00,http://ht.ly/wjqD30pc0UY,Amazon
2019/07/29 13:50:00,http://ht.ly/HMGI30pc0X2,Amazon
2019/07/29 13:50:00,https://amazzonccp.com/,Amazon
2019/07/29 14:22:00,https://www.iimc.co/product-184931.php,Amazon
2019/07/29 14:44:00,https://amazon.co.jp.ae1d290d7ca8cd641b9d8922b1fca4f51af6188a1a761c722b30b22c.xyz/,Amazon
2019/07/29 15:27:00,https://www.amaznocojp.com/,Amazon
2019/07/29 15:56:00,https://lumberingsandpit.co.kr/wp-content/linkedin_/,LinkedIn
2019/07/29 17:44:00,http://mufgsgroup.com/MUFG/,三菱UFJニコス
2019/07/30 09:11:00,http://enihongo.app/frontend/office1-not-true-login-working/office1-not-true-login-working/index.html,Microsoft
2019/07/30 09:20:00,https://tri-taal.com/hhhh/ggfhhf.php,Yahoo! JAPAN
2019/07/30 09:31:00,http://www.isuzu-unt.com/secure-banking/secure-banking/bdo/sso/login.php,BDO Unibank
2019/07/30 10:34:00,https://davsd74764646464cx.z11.web.core.windows.net/,Microsoft
2019/07/30 10:38:00,https://www2.account-update.amazon.co.jp.3487596cf54cb393afddaa965714ab1f.ml/,Amazon
2019/07/30 13:08:00,https://cccccccccccc.loyalistproperty.com/,BAN-BANネットワークス
2019/07/30 13:08:00,http://4kotomotiv.com.tr/upload/,BAN-BANネットワークス
2019/07/30 13:08:00,http://dev.wordpressmlm.com/144444/,BAN-BANネットワークス
2019/07/30 14:48:00,http://morganmaurer.com.au/webmailplala/login.php,ぷらら
2019/07/30 15:10:00,https://decisivestake.com/session/,Apple ID
2019/07/30 15:10:00,https://mysp.ac/4Qqyi,Apple ID
2019/07/30 15:18:00,https://tri-taal.com/hhhh/yjpan.php,Yahoo! JAPAN
2019/07/30 15:44:00,https://entry11-bk-mufg-ufj-nicos-group.knockitoutlawncare.com/,三菱UFJニコス
2019/07/30 16:13:00,https://mangatkoeapple-verifyjncknotice.abdominalcoin.com/?ys,Apple ID
2019/07/30 16:13:00,https://mangatkoeapple-verifyjncknotice.abdominalcoin.com/session/,Apple ID
2019/07/30 17:38:00,http://x.co/TOKO867326,Apple ID
2019/07/30 17:38:00,https://blew-mailbusiness.org/session/,Apple ID
2019/07/30 17:51:00,http://ht.ly/XZfw30pfayq,三菱UFJニコス
2019/07/30 17:51:00,http://ht.ly/urlT30pfayk,三菱UFJニコス
2019/07/31 09:23:00,http://ht.ly/rHAi30pfayG,三菱UFJニコス
2019/07/31 10:23:00,https://www.dhjksfline.com/,LINE
2019/07/31 11:02:00,http://miuo-v006.ml/neworder/ex/ex/ex/,Microsoft
2019/07/31 10:53:00,https://macnel.biz/wp-includes/css/dist/list-reusable-blocks/DocuSign/,DocuSign
2019/07/31 11:34:00,https://krzykweb.us/tmz/,Microsoft
2019/07/31 11:55:00,http://www.isuzu-unt.com/secure-banking/secure-banking/bdo/sso/login.php,BDO Unibank
2019/07/31 12:07:00,https://datingdespite.co.kr/s/t/a/r/t/0e2f9036c3963b5/,Apple ID
2019/07/31 12:07:00,https://datingdespite.co.kr/s/t/a/r/t/9404b9b19ee0f72/,Apple ID
2019/07/31 11:28:00,http://earth-s.jp/redi.php,Microsoft
2019/07/31 11:28:00,https://mirabilys-magazin.ro/SharePoint/err.htm,Microsoft
2019/07/31 12:14:00,https://www.tyrtjdfh.com/,LINE
2019/07/31 12:37:00,http://kalitaair.com/chekitestyiyiy/,Microsoft
2019/07/31 13:57:00,http://mydocomold.com/dc/,NTT docomo
2019/07/31 13:57:00,http://mydocomold.com/dco/,NTT docomo
2019/07/31 14:03:00,https://wap.smbcsod.pw/,三井住友銀行
2019/07/31 13:51:00,http://mydocomold.com/id/,iD
2019/07/31 14:42:00,https://amz.japan.customers-preferences-id.kanriakaunto.info/?iyh_re,Amazon
2019/07/31 14:42:00,https://ni-iku.amz1goto.org/gTTNe,Amazon
2019/07/31 14:52:00,https://www.xamtx.com/,LINE
2019/07/31 14:12:00,http://myau-iej.com/au/,au
2019/07/31 14:12:00,http://69.28.55.232/au/,au
2019/07/31 14:12:00,http://69.28.55.233/au/,au
2019/07/31 14:12:00,http://69.28.55.234/au/,au
2019/07/31 14:12:00,http://69.28.55.235/au/,au
2019/07/31 14:12:00,http://69.28.55.236/au/,au
2019/07/31 14:12:00,http://69.28.55.237/au/,au
2019/07/31 14:12:00,http://69.28.55.238/au/,au
2019/07/31 14:12:00,http://69.28.55.239/au/,au
2019/07/31 14:15:00,http://myau-iej.com/id/,iD
2019/07/31 14:15:00,http://69.28.55.232/id/,iD
2019/07/31 14:15:00,http://69.28.55.233/id/,iD
2019/07/31 14:15:00,http://69.28.55.234/id/,iD
2019/07/31 14:15:00,http://69.28.55.235/id/,iD
2019/07/31 14:15:00,http://69.28.55.236/id/,iD
2019/07/31 14:15:00,http://69.28.55.237/id/,iD
2019/07/31 14:15:00,http://69.28.55.238/id/,iD
2019/07/31 14:15:00,http://69.28.55.239/id/,iD
2019/07/31 14:22:00,http://myau-iej.com/dc/,NTT docomo
2019/07/31 14:22:00,http://69.28.55.232/dc/,NTT docomo
2019/07/31 14:22:00,http://69.28.55.233/dc/,NTT docomo
2019/07/31 14:22:00,http://69.28.55.234/dc/,NTT docomo
2019/07/31 14:22:00,http://69.28.55.235/dc/,NTT docomo
2019/07/31 14:22:00,http://69.28.55.236/dc/,NTT docomo
2019/07/31 14:22:00,http://69.28.55.237/dc/,NTT docomo
2019/07/31 14:22:00,http://69.28.55.238/dc/,NTT docomo
2019/07/31 14:22:00,http://69.28.55.239/dc/,NTT docomo
2019/07/31 14:28:00,http://myau-iej.com/dco/,NTT docomo
2019/07/31 14:28:00,http://69.28.55.232/dco/,NTT docomo
2019/07/31 14:28:00,http://69.28.55.233/dco/,NTT docomo
2019/07/31 14:28:00,http://69.28.55.234/dco/,NTT docomo
2019/07/31 14:28:00,http://69.28.55.235/dco/,NTT docomo
2019/07/31 14:28:00,http://69.28.55.236/dco/,NTT docomo
2019/07/31 14:28:00,http://69.28.55.237/dco/,NTT docomo
2019/07/31 14:28:00,http://69.28.55.238/dco/,NTT docomo
2019/07/31 14:28:00,http://69.28.55.239/dco/,NTT docomo
2019/07/31 16:25:00,https://apple-appleid-helpdesk.terms.check.proclothingsciencesms.com/session/,Apple ID
2019/07/31 16:25:00,https://apple-appleid-apple-jppolicies.helpdesk101.support.php.suporterying.com/jpserver2/session/,Apple ID
2019/07/31 16:34:00,http://mydocomolf.com/,NTT docomo
2019/07/31 16:34:00,http://mydocomolg.com/,NTT docomo
2019/07/31 15:11:00,http://known-v11.cf/ORDER/ex/ex/ex/mail.php,Microsoft
2019/07/31 15:42:00,https://apple.id.boskulogprivacyncbi.com/?reset,Apple ID
2019/07/31 15:42:00,https://apple.id.boskulogprivacyncbi.com/session/,Apple ID
2019/07/31 15:42:00,https://sba.yandex.net/redirect?url=http%3A%2F%2Fgo2l.ink%2F1yrx&client=clck&sign=723da614d5f68c7a4bef66c8188aa740,Apple ID
2019/07/31 15:42:00,http://go2l.ink/1yrx,Apple ID
2019/07/31 15:42:00,https://updatesupp0rtaccont.myftp.org/?jp,Apple ID
2019/07/31 15:42:00,https://lnkd.in/fVfGEeK%3C,Apple ID
2019/07/31 15:42:00,https://www.linkedin.com/slink?code=fVfGEeK%3C,Apple ID
2019/07/31 15:42:00,http://ow.ly/GbnI50v8H1a?LjGj_RwlBGfF-qSRd__sL72e3iht6El-eV39jX0zHi9IwJ_,Apple ID
2019/07/31 15:42:00,https://oe795neccqp.icu/KHe0zl3HbNC_jpunlocked.php?unlocked_account=,Apple ID
2019/07/31 15:42:00,https://supportjapan-apple-com-dfa304649d91ecd6d5c25c51f3741033.k22f1jc8vtq.icu/?unlocked_account,Apple ID
2019/07/31 18:26:00,http://185.186.77.245/mode.php,SAISON CARD
2019/07/31 18:11:00,https://webmaster.apple-japan.departement.japan-verify.net/?19wosolomo,Apple ID
